{
  "cv": {
    "lightgbm": 8394.02359959137,
    "xgboost": 38077.8861328125,
    "catboost": 8802.406137834978
  },
  "holdout": {
    "lightgbm": 5743.492860106688,
    "xgboost": 5918.56640625,
    "catboost": 6604.9963828645405
  }
}